{
	"format_version": "1.8.0",
	"animations": {
		"idle": {
			"loop": true,
			"animation_length": 5.4,
			"bones": {
				"paisleypark": {
					"position": {
						"0.0": [0, 0, 0],
						"1.25": [0, 0.4, 0],
						"1.85": [0, 0.5, 0],
						"2.7": [0, 0.2, 0],
						"5.3": [0, 0, 0]
					}
				},
				"head": {
					"rotation": {
						"0.0": [-1.77664, -2.93456, 7.65078],
						"1.25": [-1.59204, -2.96744, 6.65896],
						"2.05": [-1.38446, -2.96364, 5.66995],
						"5.3": [-1.77664, -2.93456, 7.65078]
					}
				},
				"booba": {
					"rotation": {
						"0.0": [-6, 0, 0],
						"1.85": [-9, 0, 0],
						"4.15": [-11, 0, 0],
						"5.3": [-6, 0, 0]
					},
					"position": {
						"0.0": [0, -0.2, 0],
						"2.85": [0, -0.07, 0],
						"4.15": [0, 0.1, 0],
						"5.3": [0, -0.2, 0]
					}
				},
				"left": {
					"rotation": {
						"0.0": [3.97816, -0.41778, 5.98549],
						"1.25": [3.9612, -0.55625, 7.98076],
						"2.05": [3.91286, -0.831, 11.97161],
						"3.25": [3.9612, -0.55625, 7.98076],
						"4.1": [3.97816, -0.41778, 5.98549],
						"5.3": [3.97816, -0.41778, 5.98549]
					}
				},
				"right": {
					"rotation": {
						"0.0": [10.86782, 1.71048, -8.83728],
						"1.25": [11.42138, 1.94916, -10.72668],
						"2.05": [11.34788, 2.34399, -12.6887],
						"3.25": [11.50614, 1.35279, -7.78532],
						"4.1": [11.57906, 0.3517, -2.88596],
						"5.3": [10.86782, 1.71048, -8.83728]
					}
				},
				"left2": {
					"rotation": {
						"0.0": [3, 0, 0],
						"1.25": [4, 0, 0],
						"2.05": [7, 0, 0],
						"3.25": [9, 0, 0],
						"5.3": [2, 0, 0]
					},
					"position": [0, 0.3, 0]
				},
				"right2": {
					"rotation": {
						"0.0": [0, 0, -11],
						"1.25": [4, 0, -11],
						"2.05": [7, 0, -11],
						"3.25": [10, 0, -11],
						"5.3": [0, 0, -11]
					}
				},
				"bone": {
					"rotation": {
						"0.0": [2, 0, 0],
						"5.3": [2, 0, 0]
					}
				},
				"bone2": {
					"rotation": {
						"0.0": [1, 0, 0],
						"5.3": [1, 0, 0]
					}
				}
			}
		}
	}
}