{
	"format_version": "1.8.0",
	"animations": {
		"idle": {
			"loop": true,
			"animation_length": 8.2,
			"bones": {
				"body3": {
					"rotation": {
						"3.4": [-5.5, 0, 0],
						"8.15": [-7.5, 0, 0]
					},
					"position": {
						"0.0": [0, -2, 0.9],
						"3.4": [0, -1, 1],
						"3.5": [0, -1.03, 0.8],
						"8.15": [0, -2, 1.1]
					}
				},
				"SoftAndWet3": {
					"position": {
						"0.0": [0, 0, 0],
						"3.4": [0, 2, 0],
						"4.0": [0, 2.2, 0],
						"4.65": [0, 2, 0],
						"8.0": [0, 0, 0],
						"8.15": [0, 0, 0]
					}
				},
				"head2": {
					"rotation": {
						"3.4": [3.27868, -0.32382, -1.81572],
						"7.85": [2.5, 0, 0],
						"8.2": [3.27963, 0.16443, -2.89116]
					},
					"position": {
						"0.0": [0, -1.7, 1.7],
						"8.15": [0, -1.7, 1.7]
					}
				},
				"leg4": {
					"rotation": {
						"0.15": [5, 0, 0],
						"8.15": [5, 0, 0]
					}
				},
				"Left8": {
					"rotation": {
						"0.15": [4.88206, 1.08089, -12.45392],
						"3.4": [6.09368, 0.99637, -16.1579],
						"8.15": [4.88206, 1.08089, -12.45392]
					},
					"position": {
						"0.15": [0, 0, -1],
						"3.5": [0, 0, 0.2],
						"8.15": [0, 0, -1]
					}
				},
				"Right8": {
					"rotation": {
						"0.15": [-2.61794, -1.08089, 12.45392],
						"3.4": [3.38206, -1.08089, 12.45392],
						"8.15": [-2.61794, -1.08089, 12.45392]
					}
				},
				"bottom7": {
					"rotation": {
						"0.15": [7.92572, 17.63392, 1.41226],
						"8.15": [7.92572, 17.63392, 1.41226]
					},
					"position": {
						"0.15": [0, 0.2, 0],
						"8.15": [0, 0.2, 0]
					}
				},
				"Left7": {
					"rotation": {
						"0.15": [-14.15997, 0.76837, 21.69456],
						"3.4": [-20.5047, 4.14415, 27.10187],
						"8.15": [-14.15997, 0.76837, 21.69456]
					}
				},
				"botom8": {
					"rotation": {
						"0.0": [-10.58504, -1.321, 7.36647],
						"6.3": [-67.93133, 78.57035, -60.40921],
						"8.15": [-108.84629, 78.81082, -102.06536]
					},
					"position": [-0.3, 0, 0]
				},
				"Right7": {
					"rotation": {
						"0.15": [-13.87711, 0.61784, -20.80619],
						"3.4": [-6.37711, 0.61784, -20.80619],
						"8.15": [-13.87711, 0.61784, -20.80619]
					}
				},
				"botom7": {
					"rotation": {
						"0.0": [-4.25772, 0.3211, -2.43212],
						"5.55": [-7.25772, 0.3211, -2.43212],
						"6.3": [-6.39603, -0.23608, -7.401],
						"8.0": [-4.25772, 0.3211, -2.43212]
					}
				},
				"leftears": {
					"rotation": {
						"0.0": [0, 0, 0],
						"6.3": [-42.5, 0, 0],
						"8.0": [0, 0, 0],
						"8.15": [0, 0, 0]
					},
					"position": {
						"0.0": [0, 0.1, 0],
						"6.3": [0, 0, 0],
						"8.0": [0, 0.1, 0],
						"8.15": [0, 0.1, 0]
					}
				},
				"top": {
					"rotation": [4, 0, 0]
				},
				"bottom": {
					"rotation": {
						"0.0": [17.5, 0, 0],
						"8.15": [17.5, 0, 0]
					},
					"position": {
						"0.0": [0, 0.4, 0],
						"8.15": [0, 0.4, 0]
					}
				},
				"rightears": {
					"rotation": {
						"0.0": [2, 0, 0],
						"6.3": [12, 0, 0],
						"8.0": [2, 0, 0],
						"8.15": [2, 0, 0]
					},
					"position": {
						"0.0": [0, 0, -0.1],
						"6.3": [0, -0.6, 0],
						"8.0": [0, 0.1, 0],
						"8.15": [0, 0, -0.1]
					}
				},
				"Eye5": {
					"position": {
						"0.0": [0, 0, -0.2],
						"2.75": [0, 0, -0.1],
						"8.1": [0, 0, -0.2],
						"8.15": [0, 0, -0.2]
					}
				},
				"Eye4": {
					"position": {
						"0.0": [0, 0, -0.2],
						"2.75": [0, 0, -0.1],
						"8.1": [0, 0, -0.2]
					}
				}
			}
		},
		"sit": {
			"loop": true,
			"animation_length": 7.95,
			"bones": {
				"SoftAndWet3": {
					"position": {
						"0.0": [0, -4, -2],
						"7.4": [0, -4, -2]
					}
				},
				"head2": {
					"rotation": {
						"0.0": [-4.8636, 1.1607, -0.08707],
						"3.95": [-4.90944, 0.94771, -2.57841],
						"7.45": [-4.8636, 1.1607, -0.08707]
					},
					"position": {
						"0.0": [0, 0, 5.6],
						"7.45": [0, 0, 5.6]
					}
				},
				"leftears": {
					"rotation": {
						"0.85": [-25, 0, 0],
						"2.0": [-30, 0, 0],
						"3.05": [-17.5, 0, 0]
					}
				},
				"rightears": {
					"rotation": {
						"0.85": [20, 0, 0],
						"2.0": [32.5, 0, 0],
						"3.05": [25, 0, 0]
					}
				},
				"body3": {
					"rotation": {
						"0.0": [-11.4658, -0.77226, 0.93375],
						"1.75": [-15.4658, -0.77226, 0.93375],
						"6.15": [-13.4658, -0.77226, 0.93375],
						"7.4": [-11.4658, -0.77226, 0.93375]
					},
					"position": {
						"0.0": [0, 1, 4],
						"7.4": [0, 1, 4]
					}
				},
				"leg4": {
					"rotation": {
						"0.0": [315.34335, -2.25519, -1.62262],
						"7.4": [315.34335, -2.25519, -1.62262]
					},
					"position": {
						"0.0": [0, 3, 0],
						"7.4": [0, 3, 0]
					}
				},
				"Left8": {
					"rotation": {
						"0.0": [-36.80868, -31.94715, 6.31274],
						"3.55": [-28.80868, -31.94715, 6.31274],
						"7.4": [-36.80868, -31.94715, 6.31274],
						"7.45": [-36.80868, -31.94715, 6.31274]
					},
					"position": {
						"0.0": [1, 0, 0],
						"7.4": [1, 0, 0],
						"7.45": [1, 0, 0]
					}
				},
				"bottom": {
					"rotation": {
						"0.0": [36.75769, 26.12603, 3.09792],
						"2.8": [42.75769, 26.12603, 3.09792],
						"7.4": [36.75769, 26.12603, 3.09792],
						"7.45": [36.75769, 26.12603, 3.09792]
					},
					"position": {
						"0.0": [0, 0.8, 0],
						"7.4": [0, 0.8, 0],
						"7.45": [0, 0.8, 0]
					}
				},
				"Right8": {
					"rotation": {
						"0.0": [-30, 0, 15],
						"1.8": [-30.21036, -3.32407, 19.23799],
						"7.45": [-30, 0, 15]
					}
				},
				"bottom7": {
					"rotation": {
						"0.0": [58.09997, 4.39129, -5.1031],
						"2.8": [58.06612, -4.10753, -18.67179],
						"7.45": [58.09997, 4.39129, -5.1031]
					},
					"position": {
						"0.0": [0, 1.4, 0.9],
						"7.45": [0, 1.4, 0.9]
					}
				},
				"Left7": {
					"rotation": {
						"0.0": [8.38071, -9.01652, 26.84987],
						"7.4": [8.38071, -9.01652, 26.84987]
					},
					"position": {
						"0.0": [0, 0.2, 4.8],
						"7.4": [0, 0.2, 4.8]
					}
				},
				"botom8": {
					"rotation": {
						"0.0": [-145.98242, -11.53303, 162.03637],
						"7.4": [-145.98242, -11.53303, 162.03637]
					},
					"position": {
						"0.0": [0, 0.4, 0.2],
						"1.75": [0, 1.1, -0.5],
						"7.4": [0, 0.4, 0.2]
					}
				},
				"Top14": {
					"rotation": {
						"0.0": [0, 10, 0],
						"1.75": [-8, 10, 0],
						"7.4": [0, 10, 0]
					},
					"position": {
						"0.0": [0, 0, 0],
						"7.4": [0, 0, 0]
					}
				},
				"Right7": {
					"rotation": {
						"0.0": [-7.85609, -3.53896, -13.52737],
						"7.4": [-7.85609, -3.53896, -13.52737]
					},
					"position": {
						"0.0": [0.2, 0.5, 4.3],
						"7.4": [0.2, 0.5, 4.3]
					}
				},
				"botom7": {
					"rotation": {
						"0.0": [-30.5, 0, 0],
						"7.4": [-30.5, 0, 0]
					}
				}
			}
		},
		"summon": {
			"loop": "hold_on_last_frame",
			"animation_length": 1.41667,
			"bones": {
				"SoftAndWet3": {
					"rotation": {
						"0.0": [15, 0, 0],
						"0.1": [10, 0, 0],
						"0.75": [9, 0, 0]
					},
					"position": {
						"0.0": [0, -2, 1],
						"0.1": [0, 0, -5],
						"0.25": [0, 0.9, -6.7],
						"0.35": [0, 1.1, -6.9],
						"0.4": [0, 0.6, -6.7],
						"0.65": [0, -0.4, -5.7],
						"0.7": [0, -0.25, -4.95],
						"0.75": [0, -0.1, -3.6],
						"0.85": [0, 0.4, -2.2],
						"1.15": [0, 2.5, -1.2]
					}
				},
				"head2": {
					"rotation": {
						"0.0": [-7, 0, 0],
						"0.1": [-3, 0, 0],
						"0.25": [-8, 0, 0],
						"0.75": [-6, 0, 0],
						"0.85": [-4, 0, 0]
					},
					"position": {
						"0.0": [0.5, 0, 0],
						"0.4": [0.5, -0.2, 0.2],
						"1.25": [0, -1.9, 2.5]
					}
				},
				"head": {
					"rotation": {
						"0.4": [-5, 0, 0],
						"1.35": [4, 0, 0]
					}
				},
				"leftears": {
					"rotation": [0, 0, 0],
					"position": [0, 0.1, 0]
				},
				"rightears": {
					"rotation": [2, 0, 0],
					"position": [0, 0, -0.1]
				},
				"Eye5": {
					"position": {
						"1.35": [0, 0, -0.2],
						"1.4": [0, 0, -0.2]
					}
				},